t,input_gyro,input_ypr,ouput_ypr,ouput_rate,va,vc,va,vc
69155,0,0.92,-2.75,-2.64,1110,1105,11.1,11.05
69206,0,0.92,-2.77,-2.66,1113,1108,11.13,11.08
69260,0,0.92,-2.76,-2.65,1115,1110,11.15,11.1
69309,0,0.91,-2.74,-2.63,1117,1112,11.17,11.12
69362,0,0.92,-2.75,-2.63,1120,1115,11.2,11.15
69412,0,0.91,-2.74,-2.63,1122,1117,11.22,11.17
69465,0,0.92,-2.76,-2.65,1125,1120,11.25,11.2
69514,0,0.92,-2.76,-2.65,1127,1122,11.27,11.22
69567,0,0.92,-2.76,-2.65,1129,1124,11.29,11.24
69620,0,0.92,-2.77,-2.66,1132,1127,11.32,11.27
69670,0,0.92,-2.77,-2.66,1134,1129,11.34,11.29
69723,0,0.92,-2.77,-2.66,1137,1132,11.37,11.32
69772,0,0.92,-2.77,-2.66,1139,1134,11.39,11.34
69852,0,0.92,-2.77,-2.66,1141,1136,11.41,11.36
69878,0,0.92,-2.77,-2.66,1144,1139,11.44,11.39
69928,0,0.92,-2.77,-2.66,1146,1141,11.46,11.41
69981,0,0.92,-2.77,-2.66,1149,1144,11.49,11.44
70030,0,0.92,-2.77,-2.66,1151,1146,11.51,11.46
70083,0,0.92,-2.77,-2.66,1154,1149,11.54,11.49
70132,0,0.92,-2.77,-2.66,1156,1151,11.56,11.51
70189,0,0.92,-2.77,-2.66,1159,1154,11.59,11.54
70239,0,0.92,-2.77,-2.66,1161,1156,11.61,11.56
70292,0,0.92,-2.76,-2.65,1163,1158,11.63,11.58
70341,0,0.93,-2.77,-2.66,1166,1161,11.66,11.61
70394,0,0.92,-2.76,-2.65,1168,1163,11.68,11.63
70443,0,0.92,-2.77,-2.65,1171,1166,11.71,11.66
70497,0,0.92,-2.76,-2.65,1173,1168,11.73,11.68
70550,0,0.92,-2.75,-2.64,1175,1170,11.75,11.7
70603,0,0.91,-2.73,-2.62,1178,1173,11.78,11.73
70658,0,0.91,-2.74,-2.63,1180,1175,11.8,11.75
70710,0,0.91,-2.74,-2.63,1183,1178,11.83,11.78
70764,0,0.91,-2.74,-2.63,1185,1180,11.85,11.8
70812,0,0.91,-2.73,-2.62,1188,1183,11.88,11.83
70862,0,0.91,-2.73,-2.62,1190,1185,11.9,11.85
70912,0,0.92,-2.76,-2.65,1192,1187,11.92,11.87
70983,0,0.92,-2.75,-2.64,1195,1190,11.95,11.9
71017,0,0.92,-2.75,-2.64,1197,1192,11.97,11.92
71070,0,0.92,-2.76,-2.65,1199,1194,11.99,11.94
71119,0,0.91,-2.75,-2.64,1202,1197,12.02,11.97
71172,0,0.92,-2.75,-2.64,1204,1199,12.04,11.99
71222,0,0.91,-2.76,-2.65,1206,1201,12.06,12.01
71275,0,0.92,-2.76,-2.65,1209,1204,12.09,12.04
71328,0,0.91,-2.73,-2.62,1211,1206,12.11,12.06
71381,0,0.93,-2.79,-2.68,1214,1209,12.14,12.09
71433,0,0.92,-2.73,-2.63,1216,1211,12.16,12.11
71488,0,0.92,-2.75,-2.64,1218,1213,12.18,12.13
71538,0,0.92,-2.76,-2.65,1221,1216,12.21,12.16
71590,0,0.92,-2.76,-2.62,1223,1218,12.23,12.18
71639,0,0.92,-2.75,-2.65,1226,1221,12.26,12.21
71689,0,0.92,-2.77,-2.66,1228,1223,12.28,12.23
71742,0,0.92,-2.76,-2.63,1230,1225,12.3,12.25
71795,0,0.92,-2.75,-2.64,1232,1227,12.32,12.27
71848,0,0.92,-2.76,-2.65,1235,1230,12.35,12.3
71897,0,0.92,-2.77,-2.66,1237,1232,12.37,12.32
71947,0,0.92,-2.77,-2.66,1240,1235,12.4,12.35
72000,0,0.91,-2.76,-2.65,1242,1237,12.42,12.37
72049,0,0.92,-2.76,-2.65,1245,1240,12.45,12.4
72106,0,0.91,-2.74,-2.63,1247,1242,12.47,12.42
72156,0,0.92,-2.76,-2.65,1250,1245,12.5,12.45
72209,0,0.92,-2.75,-2.64,1252,1247,12.52,12.47
72262,0,0.93,-2.79,-2.67,1254,1249,12.54,12.49
72315,0,0.92,-2.76,-2.65,1257,1252,12.57,12.52
72364,0,0.93,-2.78,-2.66,1259,1254,12.59,12.54
72418,0,0.93,-2.77,-2.66,1261,1256,12.61,12.56
72467,0,0.93,-2.77,-2.66,1264,1259,12.64,12.59
72520,0,0.92,-2.79,-2.68,1266,1261,12.66,12.61
72573,0,0.91,-2.74,-2.64,1269,1264,12.69,12.64
72623,0,0.93,-2.77,-2.66,1269,1264,12.69,12.64
72676,0,0.93,-2.78,-2.67,1268,1263,12.68,12.63
72725,0,0.93,-2.78,-2.69,1269,1264,12.69,12.64
72778,0,0.93,-2.8,-2.66,1268,1263,12.68,12.63
72827,0,0.93,-2.78,-2.67,1269,1264,12.69,12.64
72880,0,0.92,-2.77,-2.66,1269,1264,12.69,12.64
72944,0,0.93,-2.8,-2.69,1269,1264,12.69,12.64
72987,0,0.93,-2.84,-2.72,1268,1263,12.68,12.63
73038,0,0.94,-2.81,-2.68,1268,1263,12.68,12.63
73085,0,0.95,-2.85,-2.71,1268,1263,12.68,12.63
73138,0,0.95,-2.84,-2.73,1268,1263,12.68,12.63
73188,0,0.96,-2.87,-2.76,1268,1263,12.68,12.63
73244,0,0.95,-2.84,-2.73,1269,1264,12.69,12.64
73294,0,0.95,-2.82,-2.71,1269,1264,12.69,12.64
73343,0,0.94,-2.85,-2.74,1269,1264,12.69,12.64
73396,0,0.94,-2.8,-2.69,1269,1264,12.69,12.64
73446,0,0.94,-2.81,-2.7,1269,1264,12.69,12.64
73499,0,0.94,-2.81,-2.69,1269,1264,12.69,12.64
73552,0,0.93,-2.78,-2.67,1268,1263,12.68,12.63
73601,0,0.94,-2.78,-2.67,1269,1264,12.69,12.64
73654,0,0.93,-2.79,-2.67,1269,1264,12.69,12.64
73704,0,0.93,-2.79,-2.69,1269,1264,12.69,12.64
73757,0,0.94,-2.78,-2.67,1269,1264,12.69,12.64
73806,0,0.93,-2.79,-2.68,1268,1263,12.68,12.63
73863,0,0.94,-2.83,-2.72,1269,1264,12.69,12.64
73913,0,0.93,-2.82,-2.7,1268,1263,12.68,12.63
73965,0,0.94,-2.79,-2.68,1268,1263,12.68,12.63
74021,0,0.93,-2.78,-2.67,1269,1264,12.69,12.64
74072,0,0.93,-2.8,-2.67,1269,1264,12.69,12.64
74119,0,0.93,-2.8,-2.68,1268,1263,12.68,12.63
74193,0,0.93,-2.78,-2.67,1269,1264,12.69,12.64
74224,0,0.94,-2.78,-2.67,1269,1264,12.69,12.64
74273,0,0.93,-2.8,-2.68,1268,1263,12.68,12.63
74326,0,0.93,-2.79,-2.68,1269,1264,12.69,12.64
74380,0,0.94,-2.82,-2.68,1271,1266,12.71,12.66
74433,0,0.94,-2.78,-2.67,1274,1269,12.74,12.69
74483,0,0.94,-2.82,-2.69,1276,1271,12.76,12.71
74535,0,0.93,-2.81,-2.7,1278,1273,12.78,12.73
74594,0,0.94,-2.83,-2.67,1281,1276,12.81,12.76
74642,0,0.94,-2.81,-2.69,1283,1278,12.83,12.78
74707,0,0.94,-2.81,-2.7,1286,1281,12.86,12.81
74744,0,0.94,-2.82,-2.71,1288,1283,12.88,12.83
74793,0,0.95,-2.82,-2.7,1291,1286,12.91,12.86
74842,0,0.94,-2.85,-2.73,1293,1288,12.93,12.88
74895,0,0.94,-2.82,-2.71,1295,1290,12.95,12.9
74945,0,0.94,-2.81,-2.72,1298,1293,12.98,12.93
75002,0,0.95,-2.85,-2.73,1300,1295,13,12.95
75051,0,0.94,-2.8,-2.69,1303,1298,13.03,12.98
75103,0,0.93,-2.79,-2.68,1305,1300,13.05,13
75154,0,0.93,-2.8,-2.69,1307,1302,13.07,13.02
75206,0,0.93,-2.8,-2.69,1310,1305,13.1,13.05
75260,0,0.93,-2.78,-2.67,1312,1307,13.12,13.07
75309,0,0.94,-2.8,-2.69,1314,1309,13.14,13.09
75362,0,0.94,-2.84,-2.73,1317,1312,13.17,13.12
75415,0,0.95,-2.83,-2.71,1319,1314,13.19,13.14
75469,0,0.95,-2.86,-2.75,1322,1317,13.22,13.17
75521,0,0.94,-2.82,-2.71,1324,1319,13.24,13.19
75571,0,0.95,-2.84,-2.72,1326,1321,13.26,13.21
75621,0,0.94,-2.84,-2.72,1329,1324,13.29,13.24
75674,0,0.94,-2.84,-2.7,1331,1326,13.31,13.26
75723,0,0.94,-2.82,-2.7,1334,1329,13.34,13.29
75780,0,0.94,-2.81,-2.7,1336,1331,13.36,13.31
75829,0,0.93,-2.81,-2.7,1339,1334,13.39,13.34
75881,0,0.93,-2.79,-2.67,1341,1336,13.41,13.36
75932,0,0.92,-2.77,-2.66,1344,1339,13.44,13.39
75986,0,0.91,-2.74,-2.63,1346,1341,13.46,13.41
76034,0,0.93,-2.78,-2.65,1348,1343,13.48,13.43
76091,0,0.93,-2.78,-2.67,1351,1346,13.51,13.46
76141,0,0.92,-2.77,-2.66,1353,1348,13.53,13.48
76193,0,0.92,-2.76,-2.65,1356,1351,13.56,13.51
76243,0,0.93,-2.8,-2.69,1358,1353,13.58,13.53
76296,0,0.92,-2.76,-2.65,1361,1356,13.61,13.56
76348,0,0.93,-2.76,-2.65,1364,1359,13.64,13.59
76399,0,0.91,-2.73,-2.62,1366,1361,13.66,13.61
76452,0,0.9,-2.7,-2.58,1369,1364,13.69,13.64
76505,0,0.9,-2.69,-2.59,1372,1367,13.72,13.67
76557,0,0.9,-2.69,-2.58,1374,1369,13.74,13.69
76608,0,0.89,-2.68,-2.57,1376,1371,13.76,13.71
76661,0,0.88,-2.64,-2.54,1379,1374,13.79,13.74
76710,0,0.88,-2.6,-2.49,1381,1376,13.81,13.76
76763,0,0.88,-2.63,-2.52,1384,1379,13.84,13.79
76816,0,0.87,-2.62,-2.51,1386,1381,13.86,13.81
76870,0,0.86,-2.56,-2.46,1389,1384,13.89,13.84
76919,0,0.86,-2.59,-2.49,1391,1386,13.91,13.86
76971,0,0.87,-2.61,-2.5,1394,1389,13.94,13.89
77022,0,0.87,-2.61,-2.51,1396,1391,13.96,13.91
77078,0,0.86,-2.58,-2.48,1398,1393,13.98,13.93
77128,0,0.87,-2.6,-2.5,1400,1395,14,13.95
77178,0,0.87,-2.6,-2.48,1402,1397,14.02,13.97
77245,0,0.88,-2.63,-2.52,1405,1400,14.05,14
77308,0,0.88,-2.64,-2.54,1405,1400,14.05,14
77333,0,0.9,-2.69,-2.57,1405,1400,14.05,14
77387,0,0.91,-2.74,-2.63,1405,1400,14.05,14
77439,0,0.9,-2.72,-2.61,1405,1400,14.05,14
77488,0,0.91,-2.72,-2.59,1405,1400,14.05,14
77538,0,0.91,-2.74,-2.63,1405,1400,14.05,14
77590,0,0.92,-2.77,-2.66,1405,1400,14.05,14
77641,0,0.94,-2.81,-2.7,1405,1400,14.05,14
77700,0,0.94,-2.83,-2.71,1405,1400,14.05,14
77761,0,0.94,-2.82,-2.7,1405,1400,14.05,14
77808,0,0.95,-2.85,-2.74,1405,1400,14.05,14
77849,0,0.88,-2.63,-2.57,1405,1400,14.05,14
77899,0,0.88,-2.63,-2.52,1406,1401,14.06,14.01
77952,0,0.9,-2.68,-2.57,1406,1401,14.06,14.01
78001,0,0.91,-2.74,-2.63,1406,1401,14.06,14.01
78057,0,0.9,-2.7,-2.59,1405,1400,14.05,14
78108,0,0.87,-2.61,-2.48,1405,1400,14.05,14
78157,0,0.91,-2.7,-2.59,1405,1400,14.05,14
78210,0,0.93,-2.78,-2.67,1405,1400,14.05,14
78259,0,0.91,-2.74,-2.63,1405,1400,14.05,14
78311,0,0.91,-2.74,-2.63,1405,1400,14.05,14
78365,0,0.91,-2.73,-2.62,1405,1400,14.05,14
78418,0,0.92,-2.73,-2.62,1405,1400,14.05,14
78468,0,0.94,-2.82,-2.71,1405,1400,14.05,14
78520,0,0.96,-2.85,-2.74,1405,1400,14.05,14
78569,0,0.95,-2.85,-2.74,1405,1400,14.05,14
78624,0,0.94,-2.83,-2.72,1405,1400,14.05,14
78677,0,0.96,-2.89,-2.77,1405,1400,14.05,14
78726,0,0.97,-2.9,-2.78,1405,1400,14.05,14
78779,0,0.98,-2.94,-2.82,1405,1400,14.05,14
78836,0,0.96,-2.86,-2.75,1405,1400,14.05,14
78886,0,0.96,-2.88,-2.76,1405,1400,14.05,14
78938,0,0.92,-2.78,-2.67,1405,1400,14.05,14
78988,0,0.85,-2.54,-12.04,1416,1391,14.16,13.91
79045,0,0.9,-2.69,-2.57,1406,1401,14.06,14.01
79095,0,0.91,-2.72,-2.61,1406,1401,14.06,14.01
79147,0,0.9,-2.71,-2.58,1406,1401,14.06,14.01
79197,0,0.93,-2.77,-2.66,1406,1401,14.06,14.01
79249,0,0.87,-2.66,-2.56,1406,1401,14.06,14.01
79304,0,0.87,-2.61,-2.5,1406,1401,14.06,14.01
79356,0,0.91,-2.74,-2.63,1406,1401,14.06,14.01
79406,0,0.93,-2.8,-2.68,1408,1403,14.08,14.03
79458,0,0.94,-2.8,-2.69,1410,1405,14.1,14.05
79508,0,0.92,-2.75,-2.68,1413,1408,14.13,14.08
79564,0,0.93,-2.79,-2.68,1415,1410,14.15,14.1
79615,0,0.94,-2.83,-2.72,1417,1412,14.17,14.12
79667,0,0.95,-2.86,-2.75,1420,1415,14.2,14.15
79717,0,0.96,-2.87,-2.76,1422,1417,14.22,14.17
79769,0,0.97,-2.93,-2.81,1424,1419,14.24,14.19
79823,0,0.98,-2.93,-2.81,1426,1421,14.26,14.21
79873,0,0.92,-2.79,-2.67,1429,1424,14.29,14.24
79926,0,0.94,-2.82,-2.71,1432,1427,14.32,14.27
79991,0,0.95,-2.89,-2.77,1434,1429,14.34,14.29
80050,0,0.94,-2.83,-2.72,1437,1432,14.37,14.32
80082,0,0.91,-2.74,-2.63,1439,1434,14.39,14.34
80161,0,0.95,-2.84,-2.73,1441,1436,14.41,14.36
80184,0,0.96,-2.88,-2.76,1443,1438,14.43,14.38
80233,0,0.92,-2.75,-2.64,1446,1441,14.46,14.41
80286,0,0.95,-2.84,-2.69,1448,1443,14.48,14.43
80339,0,0.99,-2.91,-2.8,1450,1445,14.5,14.45
80392,0,0.95,-2.84,-2.78,1452,1447,14.52,14.47
80445,0,0.95,-2.85,-2.74,1454,1449,14.54,14.49
80502,0,1,-2.97,-2.85,1456,1451,14.56,14.51
80563,0,1.01,-3.02,-2.9,1458,1453,14.58,14.53
80605,0,1.04,-3.11,-2.99,1459,1454,14.59,14.54
80654,0,0.99,-3.02,-2.9,1462,1457,14.62,14.57
80704,0,0.96,-2.91,-2.8,1464,1459,14.64,14.59
80756,0,1.01,-3.03,-2.91,1466,1461,14.66,14.61
80806,0,1.05,-3.16,-3.04,1469,1462,14.69,14.62
80863,0,1.07,-3.21,-3.08,1470,1463,14.7,14.63
80912,0,1.12,-3.36,-3.23,1472,1465,14.72,14.65
80965,0,1.14,-3.42,-3.29,1474,1467,14.74,14.67
81020,0,1.14,-3.42,-3.28,1476,1469,14.76,14.69
81072,0,1.15,-3.45,-3.31,1478,1471,14.78,14.71
81121,0,1.1,-3.31,-3.18,1481,1474,14.81,14.74
81174,0,1.08,-3.23,-3.1,1483,1476,14.83,14.76
81223,0,1.14,-3.41,-3.22,1485,1478,14.85,14.78
81280,0,1.19,-3.57,-3.43,1488,1481,14.88,14.81
81330,0,1.18,-3.54,-3.4,1490,1483,14.9,14.83
81383,0,1.12,-3.4,-3.26,1493,1486,14.93,14.86
81436,0,1.05,-3.14,-3.01,1496,1489,14.96,14.89
81485,0,0.98,-2.95,-2.83,1498,1493,14.98,14.93
81543,0,0.99,-2.98,-2.86,1501,1496,15.01,14.96
81588,0,1.02,-3.14,-3.01,1504,1497,15.04,14.97
81641,0,0.96,-2.89,-2.77,1506,1501,15.06,15.01
81690,0,1,-2.96,-2.84,1508,1503,15.08,15.03
81744,0,1.05,-3.16,-3.03,1512,1505,15.12,15.05
81795,-1,0.92,-2.84,-1.77,1512,1509,15.12,15.09
81851,-1,0.76,-2.28,-1.23,1514,1511,15.14,15.11
81903,-2,0.58,-1.74,0.25,1515,1516,15.15,15.16
81954,-3,0.35,-1.22,11.31,1506,1529,15.06,15.29
82006,-3,0.09,-0.39,2.5,1518,1523,15.18,15.23
82055,0,0.07,-0.2,-9.74,1532,1513,15.32,15.13
82109,2,0.26,-0.79,-2.68,1527,1522,15.27,15.22
82161,1,0.54,-1.62,7.08,1520,1535,15.2,15.35
82214,0,0.57,-1.72,-1.65,1531,1528,15.31,15.28
82268,-1,0.49,-1.52,-0.5,1533,1532,15.33,15.32
82321,-3,0.2,-0.59,2.31,1533,1538,15.33,15.38
82371,-2,-0.06,0.11,-6.61,1544,1531,15.44,15.31
82423,-1,-0.13,0.35,1.29,1538,1541,15.38,15.41
82477,0,-0.17,0.51,0.49,1541,1542,15.41,15.42
82530,0,-0.22,0.64,0.61,1543,1544,15.43,15.44
82579,-1,-0.29,0.8,11.33,1535,1558,15.35,15.58
82632,-1,-0.36,1,1.92,1547,1550,15.47,15.5
82682,-1,-0.45,1.35,2.25,1549,1554,15.49,15.54
82739,-1,-0.52,1.56,2.46,1550,1555,15.5,15.55
82789,0,-0.53,1.59,1.53,1554,1557,15.54,15.57
82843,0,-0.58,1.71,1.64,1555,1558,15.55,15.58
82894,-1,-0.67,1.97,1.89,1558,1561,15.58,15.61
82948,-1,-0.77,2.3,3.16,1558,1565,15.58,15.65
83008,-2,-0.95,2.8,4.61,1558,1567,15.58,15.67
83050,-2,-1.09,3.16,4.95,1557,1566,15.57,15.66
83123,-2,-1.22,3.59,5.36,1556,1567,15.56,15.67
83152,-2,-1.34,3.95,5.71,1556,1567,15.56,15.67
83206,-1,-1.44,4.33,5.11,1555,1566,15.55,15.66
83259,-1,-1.52,4.54,5.32,1555,1566,15.55,15.66
83309,-1,-1.61,4.78,5.55,1555,1566,15.55,15.66
83361,-2,-1.72,5.11,16.42,1544,1577,15.44,15.77
83410,-3,-1.89,5.67,7.24,1554,1569,15.54,15.69
83460,-3,-2.1,6.17,8.81,1553,1570,15.53,15.7
83517,-4,-2.39,7.16,10.71,1551,1572,15.51,15.72
83582,-5,-2.78,8.14,12.61,1549,1574,15.49,15.74
83619,-7,-3.21,9.31,24.3,1537,1586,15.37,15.86
83669,-12,-4,11.4,30.14,1530,1591,15.3,15.91
83722,-3,-4.71,14.01,-19.19,1580,1541,15.8,15.41
83771,3,-4.55,13.64,10.22,1549,1570,15.49,15.7
83827,0,-4.53,13.58,22.64,1537,1582,15.37,15.82
83877,-6,-4.99,14.61,27.46,1531,1586,15.31,15.86
83930,-5,-5.56,16.44,2.34,1556,1561,15.56,15.61
83980,-4,-5.77,17.11,19.31,1539,1578,15.39,15.78
84037,-1,-6.03,18.09,8.73,1551,1568,15.51,15.68
84086,0,-6.1,18.27,17.54,1542,1577,15.42,15.77
84140,0,-6.04,18.12,17.46,1542,1577,15.42,15.77
84193,1,-5.88,17.78,6.51,1553,1566,15.53,15.66
84238,2,-5.62,17,4.8,1555,1564,15.55,15.64
84291,3,-5.39,16.33,13.75,1546,1573,15.46,15.73
84344,2,-5.08,15.25,22.32,1536,1581,15.36,15.81
84397,0,-4.93,14.88,14.28,1543,1572,15.43,15.72
84447,0,-4.82,14.49,13.91,1543,1570,15.43,15.7
84496,0,-4.8,14.4,13.83,1542,1569,15.42,15.69
84549,-1,-4.81,14.43,24.42,1530,1579,15.3,15.79
84598,0,-4.75,14.31,13.74,1540,1567,15.4,15.67
84655,0,-4.74,14.21,13.64,1540,1567,15.4,15.67
84705,0,-4.77,14.3,13.73,1539,1566,15.39,15.66
84754,0,-4.8,14.39,13.82,1538,1565,15.38,15.65
84807,0,-4.78,14.35,13.78,1537,1564,15.37,15.64
84856,0,-4.8,14.41,13.84,1536,1563,15.36,15.63
84910,0,-4.88,14.63,13.95,1535,1562,15.35,15.62
84959,-1,-5.01,15.04,15.4,1534,1565,15.34,15.65
85016,0,-5.09,15.27,5.06,1544,1555,15.44,15.55
85065,0,-5.14,15.41,14.8,1536,1565,15.36,15.65
85118,0,-5.12,15.38,14.77,1537,1566,15.37,15.66
85168,0,-5.07,15.22,14.61,1537,1566,15.37,15.66
85225,0,-5.05,15.15,14.54,1538,1567,15.38,15.67
85275,0,-5.02,15.06,14.48,1539,1568,15.39,15.68
85346,0,-5.03,15.08,14.47,1540,1569,15.4,15.69
85380,-1,-5.12,15.25,14.64,1541,1570,15.41,15.7
85430,-2,-5.28,15.84,26.72,1531,1584,15.31,15.84
85483,-1,-5.42,16.25,16.56,1542,1575,15.42,15.75
85536,-1,-5.5,16.49,16.79,1544,1577,15.44,15.77
85585,0,-5.48,16.49,15.83,1546,1577,15.46,15.77
85638,0,-5.42,16.25,15.62,1547,1578,15.47,15.78
85688,0,-5.4,16.22,15.57,1548,1579,15.48,15.79
85737,0,-5.36,16.08,15.44,1549,1580,15.49,15.8
85794,0,-5.38,16.13,15.49,1550,1581,15.5,15.81
85843,0,-5.43,16.29,15.63,1550,1581,15.5,15.81
85896,0,-5.42,16.25,15.6,1550,1581,15.5,15.81
85946,0,-5.42,16.23,15.58,1550,1581,15.5,15.81
85999,-1,-5.47,16.39,16.7,1549,1582,15.49,15.82
86052,0,-5.33,16.11,15.46,1550,1581,15.5,15.81
86114,1,-5.11,15.44,14.82,1550,1579,15.5,15.79
86156,4,-4.79,14.38,0.36,1563,1564,15.63,15.64
86208,5,-4.31,12.92,7.6,1555,1570,15.55,15.7
86283,5,-3.87,11.82,6.55,1556,1569,15.56,15.69
86314,-1,-3.77,11.21,10.76,1551,1572,15.51,15.72
86363,-5,-4.11,12.1,26.02,1535,1588,15.35,15.88
86417,-6,-4.56,13.4,18.63,1542,1579,15.42,15.79
86470,-3,-4.88,14.65,9.18,1551,1570,15.51,15.7
86523,1,-4.73,14.18,12.65,1547,1572,15.47,15.72
86572,1,-4.52,13.66,12.15,1545,1570,15.45,15.7
86628,0,-4.43,13.28,12.75,1544,1569,15.44,15.69
86675,0,-4.46,13.42,12.88,1543,1568,15.43,15.68
86738,0,-4.43,13.25,12.72,1543,1568,15.43,15.68
86800,-1,-4.58,13.63,14.05,1539,1568,15.39,15.68
86835,0,-4.58,13.76,3.61,1549,1556,15.49,15.56
86884,0,-4.52,13.56,13.02,1535,1562,15.35,15.62
86937,-2,-4.62,13.86,15.22,1536,1567,15.36,15.67
86990,0,-4.59,13.78,13.23,1537,1564,15.37,15.64
87043,0,-4.43,13.3,12.77,1538,1563,15.38,15.63
87092,0,-4.44,13.32,12.79,1538,1563,15.38,15.63
87146,0,-4.5,13.5,12.96,1537,1562,15.37,15.62
87195,0,-4.6,13.74,13.19,1536,1563,15.36,15.63
87252,0,-4.68,14.03,13.47,1534,1561,15.34,15.61
87301,0,-4.76,14.26,13.69,1536,1563,15.36,15.63
87351,0,-4.88,14.6,14.01,1536,1565,15.36,15.65
87410,0,-5.03,14.97,14.37,1537,1566,15.37,15.66
87461,-1,-5.2,15.59,15.93,1536,1567,15.36,15.67
87526,-1,-5.31,15.89,16.21,1536,1569,15.36,15.69
87559,-1,-5.4,16.11,16.43,1537,1570,15.37,15.7
87612,0,-5.42,16.26,15.61,1539,1570,15.39,15.7
87662,0,-5.32,16.06,15.41,1540,1571,15.4,15.71
87715,1,-5.16,15.57,4.38,1551,1560,15.51,15.6
87764,0,-5.13,15.38,14.76,1543,1572,15.43,15.72
87821,0,-5.14,15.43,14.78,1544,1573,15.44,15.73
87871,0,-5.22,15.65,15.02,1544,1575,15.44,15.75
87924,-1,-5.33,15.93,16.25,1545,1578,15.45,15.78
87973,-1,-5.4,16.15,16.47,1546,1579,15.46,15.79
88030,0,-5.4,16.2,15.55,1553,1584,15.53,15.84
88080,1,-5.27,15.92,15.28,1548,1579,15.48,15.79
88136,1,-5.06,15.18,13.75,1550,1577,15.5,15.77
88184,1,-4.8,14.39,13.02,1551,1578,15.51,15.78
88235,1,-4.62,13.86,12.43,1552,1577,15.52,15.77
88288,1,-4.41,13.22,11.73,1553,1576,15.53,15.76
88342,0,-4.21,12.68,11.21,1553,1576,15.53,15.76
88391,-1,-4.21,12.58,12.08,1551,1576,15.51,15.76
88444,-3,-4.4,13.06,25.02,1538,1589,15.38,15.89
88493,-2,-4.6,13.8,16.09,1546,1579,15.46,15.79
88542,3,-4.35,13.04,0.27,1561,1562,15.61,15.62
88600,6,-3.8,11.4,5.19,1555,1566,15.55,15.66
88650,6,-3.11,9.62,3.48,1556,1563,15.56,15.63
88702,2,-2.79,8.49,14.87,1544,1573,15.44,15.73
88751,-1,-2.8,8.3,18.53,1539,1576,15.39,15.76
88800,-6,-3.19,9.29,23.32,1533,1580,15.33,15.8
88854,-10,-3.81,11.42,30.16,1526,1587,15.26,15.87
88907,-6,-4.42,13.25,-0.72,1557,1556,15.57,15.56
88963,0,-4.42,13.25,12.72,1543,1568,15.43,15.68
89020,-1,-4.51,13.43,12.9,1542,1567,15.42,15.67
89061,0,-4.48,13.55,13.01,1541,1568,15.41,15.68
89112,0,-4.44,13.31,12.78,1541,1566,15.41,15.66
89169,0,-4.48,13.45,12.85,1541,1566,15.41,15.66
89237,-1,-4.67,14.02,14.42,1539,1568,15.39,15.68
89267,-1,-4.88,14.54,15.88,1538,1569,15.38,15.69
89321,-1,-4.98,14.88,15.17,1539,1570,15.39,15.7
89374,0,-4.94,14.83,14.28,1540,1569,15.4,15.69
89427,0,-4.85,14.54,13.96,1541,1568,15.41,15.68
89479,0,-4.74,14.27,13.7,1541,1568,15.41,15.68
89535,0,-4.68,14.08,13.52,1541,1568,15.41,15.68
89584,0,-4.66,14,13.44,1542,1569,15.42,15.69
89651,0,-4.7,14.09,13.53,1542,1569,15.42,15.69
89706,0,-4.72,14.17,13.6,1545,1572,15.45,15.72
89756,-1,-4.85,14.54,14.92,1547,1576,15.47,15.76
89788,-1,-4.9,14.65,15.02,1548,1579,15.48,15.79
89841,0,-5.01,14.99,15.35,1551,1582,15.51,15.82
89898,0,-5.11,15.33,14.71,1555,1584,15.55,15.84
89947,0,-5.21,15.55,14.93,1559,1588,15.59,15.88
89996,-1,-5.33,15.92,25.84,1551,1602,15.51,16.02
90049,-1,-5.47,16.34,16.65,1563,1596,15.63,15.96
90099,-1,-5.55,16.63,16.93,1566,1599,15.66,15.99
90152,0,-5.54,16.67,16,1569,1600,15.69,16
90205,0,-5.43,16.29,15.64,1572,1603,15.72,16.03
90254,0,-5.33,16.03,15.39,1576,1607,15.76,16.07
90307,-1,-5.37,16.03,15.39,1579,1610,15.79,16.1
90357,-1,-5.49,16.48,16.67,1581,1614,15.81,16.14
90410,-2,-5.65,16.95,18.19,1582,1619,15.82,16.19
90459,-2,-5.8,17.31,18.53,1584,1621,15.84,16.21
90508,-3,-6.01,18.02,20.18,1585,1626,15.85,16.26
90566,-4,-6.28,18.84,21.93,1587,1630,15.87,16.3
90615,-3,-6.61,19.71,22.76,1589,1634,15.89,16.34
90668,-3,-6.85,20.55,22.45,1592,1637,15.92,16.37
90717,-3,-7.02,21.07,23.03,1594,1641,15.94,16.41
90770,-2,-7.19,21.57,22.51,1598,1643,15.98,16.43
90824,-1,-7.33,22,22.08,1600,1645,16,16.45
90877,0,-7.36,22.1,11.62,1614,1637,16.14,16.37
90926,-1,-7.33,22,22.08,1606,1651,16.06,16.51
90979,-1,-7.35,22.05,22.13,1608,1653,16.08,16.53
91028,-1,-7.43,22.29,22.36,1610,1655,16.1,16.55
91086,-2,-7.56,22.69,23.7,1612,1659,16.12,16.59
91135,-2,-7.77,23.31,24.3,1613,1662,16.13,16.62
91188,-3,-8.03,23.88,24.84,1614,1663,16.14,16.63
91237,-4,-8.36,24.88,27.72,1613,1668,16.13,16.68
91287,-5,-8.76,26.03,29.79,1613,1672,16.13,16.72
91344,-5,-9.09,27.28,30.79,1614,1675,16.14,16.75
91393,-4,-9.47,28.26,31.93,1615,1678,16.15,16.78
91446,-4,-9.77,29.14,31.81,1616,1679,16.16,16.79
91495,-4,-10.06,30.01,32.65,1616,1681,16.16,16.81
91548,-4,-10.38,30.91,33.51,1618,1685,16.18,16.85
91598,-5,-10.74,31.99,35.51,1616,1687,16.16,16.87
91654,-5,-11.05,33.16,36.45,1617,1690,16.17,16.9
91704,-6,-11.47,34.17,38.56,1617,1694,16.17,16.94
91753,-8,-11.9,35.41,51.28,1605,1708,16.05,17.08
91806,-8,-12.36,37.09,43.02,1614,1701,16.14,17.01
91856,-8,-12.84,38.23,44.38,1614,1703,16.14,17.03
91910,-8,-13.35,40.04,46.12,1604,1697,16.04,16.97
91968,-8,-13.94,41.81,47.82,1606,1701,16.06,17.01
92015,-8,-14.75,43.85,49.78,1602,1701,16.02,17.01
92069,-8,-15.44,46.32,51.77,1600,1703,16,17.03
92122,-7,-16.07,47.85,52.65,1599,1704,15.99,17.04
92171,-5,-16.84,50.15,52.94,1599,1704,15.99,17.04
92226,-5,-17.38,51.85,54.58,1597,1706,15.97,17.06
92283,-2,-17.71,53.01,44,1609,1696,16.09,16.96
92327,-1,-17.83,53.43,52.25,1601,1706,16.01,17.06
92376,-1,-17.88,53.65,52.44,1602,1707,16.02,17.07
92437,0,-17.82,53.45,51.31,1604,1707,16.04,17.07
92482,0,-17.67,53,50.88,1606,1707,16.06,17.07
92532,0,-17.6,52.8,50.69,1606,1707,16.06,17.07
92585,-1,-17.64,52.92,50.73,1607,1708,16.07,17.08
92638,-2,-17.74,53.11,51.95,1607,1710,16.07,17.1
92698,-1,-17.88,53.64,52.46,1608,1713,16.08,17.13
92753,-1,-17.95,53.84,52.64,1609,1714,16.09,17.14
92794,0,-17.88,53.73,51.59,1610,1713,16.1,17.13
92843,0,-17.75,53.31,51.17,1610,1713,16.1,17.13
92896,0,-17.58,52.8,50.69,1610,1711,16.1,17.11
92949,0,-17.58,52.75,50.64,1610,1711,16.1,17.11
93002,-1,-17.81,53.34,52.17,1607,1712,16.07,17.12
93052,-1,-17.94,53.76,52.57,1605,1710,16.05,17.1
93105,0,-17.94,53.84,42.09,1614,1699,16.14,16.99
93154,0,-17.84,53.58,51.44,1604,1707,16.04,17.07
93206,0,-17.71,53.13,51,1604,1707,16.04,17.07
93261,1,-17.51,52.53,49.47,1605,1704,16.05,17.04
93310,0,-17.33,52.04,59.55,1594,1713,15.94,17.13
93363,0,-17.35,52.05,49.92,1604,1703,16.04,17.03
93412,-1,-17.45,52.27,50.18,1602,1703,16.02,17.03
93464,-2,-17.56,52.69,52.5,1597,1702,15.97,17.02
93520,-2,-17.63,52.89,52.7,1599,1704,15.99,17.04
93571,-1,-17.69,53.06,51.9,1598,1701,15.98,17.01
93621,-1,-17.77,53.25,52.08,1597,1702,15.97,17.02
93673,-1,-17.85,53.48,52.3,1596,1701,15.96,17.01
93722,-1,-17.93,53.8,52.56,1594,1699,15.94,16.99
93773,-1,-18.01,53.99,52.79,1593,1698,15.93,16.98
93830,-1,-18.04,54.1,52.9,1593,1698,15.93,16.98
93881,0,-18.05,54.16,52,1593,1696,15.93,16.96
93931,0,-18.04,54.15,51.99,1594,1697,15.94,16.97
93984,0,-18.02,54.07,51.91,1594,1697,15.94,16.97
94034,0,-18.02,54.03,51.87,1594,1697,15.94,16.97
94084,0,-18.05,54.15,51.98,1594,1697,15.94,16.97
94133,0,-18.1,54.29,52.12,1594,1699,15.94,16.99
94189,0,-18.14,54.41,52.23,1595,1700,15.95,17
94242,0,-18.21,54.6,52.41,1596,1701,15.96,17.01
94293,-1,-18.24,54.72,53.49,1596,1703,15.96,17.03
94349,0,-18.21,54.64,53.45,1601,1708,16.01,17.08
94399,0,-18.15,54.48,52.3,1600,1705,16,17.05
94451,0,-18.02,54.12,51.96,1602,1705,16.02,17.05
94502,0,-17.92,53.76,51.65,1602,1705,16.02,17.05
94560,-1,-17.89,53.61,51.47,1603,1706,16.03,17.06
94609,-2,-18.09,54.26,44.41,1609,1698,16.09,16.98
94661,-1,-18.21,54.61,54.35,1600,1709,16,17.09
94711,0,-18.21,54.66,52.48,1603,1708,16.03,17.08
94765,0,-18.19,54.58,52.4,1604,1709,16.04,17.09
94834,0,-18.2,54.59,52.41,1603,1708,16.03,17.08
94878,-1,-18.26,54.67,63.04,1592,1719,15.92,17.19
94935,-1,-18.32,54.91,53.68,1602,1709,16.02,17.09
94973,0,-18.37,55.11,52.9,1604,1709,16.04,17.09
95027,0,-18.37,55.1,52.95,1605,1710,16.05,17.1
95079,0,-18.24,54.72,52.53,1605,1710,16.05,17.1
95129,0,-18.1,54.38,52.2,1604,1709,16.04,17.09
95181,0,-17.99,53.97,51.81,1605,1708,16.05,17.08
95235,0,-18,53.94,51.74,1604,1707,16.04,17.07
95288,-1,-18.09,54.17,62.56,1590,1715,15.9,17.15
95350,-1,-18.22,54.66,53.38,1599,1706,15.99,17.06
95407,-1,-18.29,54.87,53.6,1598,1705,15.98,17.05
95448,0,-18.26,54.78,52.59,1596,1701,15.96,17.01
95498,0,-18.11,54.42,52.25,1599,1704,15.99,17.04
95547,0,-18.02,54.08,51.92,1599,1702,15.99,17.02
95612,0,-18.04,54.1,51.93,1599,1702,15.99,17.02
95652,0,-18.12,54.32,52.15,1598,1703,15.98,17.03
95707,0,-18.17,54.47,52.29,1599,1704,15.99,17.04
95756,0,-18.23,54.66,52.47,1600,1705,16,17.05
95808,0,-18.35,55,52.73,1601,1706,16.01,17.06
95858,-1,-18.51,55.43,54.18,1600,1709,16,17.09
95910,-1,-18.63,55.81,54.54,1600,1709,16,17.09
95961,0,-18.71,56.14,53.89,1602,1709,16.02,17.09
96017,0,-18.74,56.21,53.96,1607,1714,16.07,17.14
96067,0,-18.69,56.08,53.84,1605,1712,16.05,17.12
96119,0,-18.56,55.81,53.57,1606,1713,16.06,17.13
96172,0,-18.46,55.46,53.24,1606,1713,16.06,17.13
96226,0,-18.39,55.22,53.01,1607,1714,16.07,17.14
96276,-1,-18.37,55.12,53.91,1607,1714,16.07,17.14
96328,-1,-18.35,55.08,53.83,1607,1714,16.07,17.14
96378,0,-18.27,54.8,43.01,1617,1704,16.17,17.04
96431,0,-18.16,54.51,52.33,1608,1713,16.08,17.13
96485,0,-18.12,54.35,52.23,1608,1713,16.08,17.13
96537,0,-18.1,54.31,52.13,1609,1714,16.09,17.14
96590,-1,-18.22,54.59,53.36,1608,1715,16.08,17.15
96640,0,-18.36,55.03,43.23,1617,1704,16.17,17.04
96697,0,-18.36,55.09,52.92,1608,1713,16.08,17.13
96746,2,-18.19,54.57,50.47,1609,1710,16.09,17.1
96799,1,-18.01,54.15,51.02,1607,1710,16.07,17.1
96849,0,-17.91,53.78,50.67,1606,1707,16.06,17.07
96906,0,-17.93,53.8,51.65,1604,1707,16.04,17.07
96956,0,-17.98,53.95,51.78,1604,1707,16.04,17.07
97009,0,-17.98,53.95,51.79,1604,1707,16.04,17.07
97058,0,-17.96,53.87,51.72,1602,1705,16.02,17.05
97115,0,-17.95,53.86,51.71,1602,1705,16.02,17.05
97165,0,-17.86,53.6,51.46,1601,1704,16.01,17.04
97217,0,-17.79,53.4,51.26,1601,1704,16.01,17.04
97267,0,-17.76,53.28,51.15,1600,1703,16,17.03
97320,0,-17.73,53.18,51.05,1598,1701,15.98,17.01
97374,0,-17.68,53.05,50.93,1601,1702,16.01,17.02
97423,0,-17.62,52.9,50.78,1601,1702,16.01,17.02
97476,0,-17.64,52.88,50.77,1601,1702,16.01,17.02
97528,0,-17.73,53.13,51,1600,1703,16,17.03
97577,0,-17.8,53.39,51.25,1600,1703,16,17.03
97635,0,-17.85,53.54,51.4,1600,1703,16,17.03
97684,0,-17.88,53.63,51.48,1600,1703,16,17.03
97733,0,-17.94,53.79,51.64,1600,1703,16,17.03
97786,0,-18.04,54.12,51.95,1601,1704,16.01,17.04
97836,0,-18.16,54.47,52.23,1600,1705,16,17.05
97890,0,-18.27,54.77,52.58,1600,1705,16,17.05
97940,-1,-18.36,55.08,53.84,1600,1707,16,17.07
98022,-1,-18.44,55.31,54.06,1599,1708,15.99,17.08
98044,0,-18.5,55.51,53.24,1600,1707,16,17.07
98095,0,-18.55,55.64,53.4,1601,1708,16.01,17.08
98147,0,-18.58,55.72,53.49,1602,1709,16.02,17.09
98197,0,-18.59,55.77,53.54,1603,1710,16.03,17.1
98253,0,-18.56,55.67,53.44,1603,1710,16.03,17.1
98303,0,-18.56,55.7,53.47,1604,1711,16.04,17.11
98369,0,-18.5,55.56,53.34,1605,1712,16.05,17.12
98405,0,-18.34,55.03,52.96,1607,1712,16.07,17.12
98483,0,-18.12,54.52,52.34,1607,1712,16.07,17.12
98512,0,-17.92,53.75,51.6,1608,1711,16.08,17.11
98564,-1,-17.85,53.55,61.97,1597,1720,15.97,17.2
98615,-3,-18.16,54.26,55.93,1604,1715,16.04,17.15
98664,0,-18.24,54.71,52.52,1607,1712,16.07,17.12
98726,0,-18.31,54.93,52.73,1607,1712,16.07,17.12
98782,0,-18.17,54.57,52.39,1606,1711,16.06,17.11
98822,0,-18.16,54.48,52.3,1604,1709,16.04,17.09
98872,0,-18.17,54.51,52.33,1605,1710,16.05,17.1
98925,0,-18.15,54.46,52.28,1605,1710,16.05,17.1
98975,0,-18.09,54.3,52.12,1604,1709,16.04,17.09
99027,0,-18,54.02,51.86,1604,1707,16.04,17.07
99080,0,-17.97,53.9,51.74,1603,1706,16.03,17.06
99130,0,-17.98,53.95,51.8,1603,1706,16.03,17.06
99183,0,-17.94,53.87,51.72,1602,1705,16.02,17.05
99232,0,-17.85,53.62,51.47,1602,1705,16.02,17.05
99285,0,-17.79,53.4,51.26,1601,1704,16.01,17.04
99335,0,-17.76,53.27,51.13,1600,1703,16,17.03
99392,-1,-17.75,53.26,52.09,1598,1703,15.98,17.03
99441,-1,-17.78,53.33,52.14,1597,1702,15.97,17.02
99494,0,-17.74,53.27,52.1,1597,1702,15.97,17.02
99543,0,-17.67,53.06,50.94,1599,1700,15.99,17
99601,0,-17.6,52.8,50.69,1598,1699,15.98,16.99
99652,0,-17.66,52.9,50.78,1598,1699,15.98,16.99
99703,-1,-17.8,53.41,51.2,1597,1700,15.97,17
99756,-1,-17.93,53.73,52.54,1597,1702,15.97,17.02
99810,-1,-18.02,54.03,52.83,1597,1702,15.97,17.02
99860,0,-18.04,54.13,51.96,1598,1701,15.98,17.01
99912,0,-18.06,54.17,52,1597,1702,15.97,17.02
99964,-1,-18.14,54.36,52.19,1598,1703,15.98,17.03
100014,-1,-18.29,54.75,53.52,1598,1705,15.98,17.05
100068,-1,-18.47,55.4,54.03,1598,1707,15.98,17.07
100121,0,-18.54,55.61,43.8,1609,1696,16.09,16.96
100171,0,-18.5,55.5,53.3,1599,1706,15.99,17.06
100223,0,-18.54,55.6,53.38,1599,1706,15.99,17.06
100273,-1,-18.67,55.9,54.63,1600,1709,16,17.09
100330,-1,-18.77,56.29,55,1600,1711,16,17.11
100379,0,-18.69,56.15,53.91,1602,1709,16.02,17.09
100432,0,-18.51,55.66,53.44,1602,1709,16.02,17.09
100481,0,-18.37,55.12,52.96,1604,1709,16.04,17.09
100539,0,-18.34,55.01,52.84,1604,1709,16.04,17.09
100589,0,-18.35,55.06,52.86,1604,1709,16.04,17.09
100641,0,-18.26,54.79,52.65,1604,1709,16.04,17.09
100694,0,-18.22,54.69,52.5,1606,1711,16.06,17.11
100748,0,-18.09,54.31,52.13,1606,1711,16.06,17.11
100797,0,-18.04,54.17,52.01,1605,1710,16.05,17.1
100850,0,-17.93,53.83,51.75,1606,1709,16.06,17.09
100899,0,-17.93,53.75,51.6,1607,1710,16.07,17.1
100977,0,-17.98,53.94,51.78,1607,1710,16.07,17.1
101001,0,-18.09,54.28,52.05,1605,1710,16.05,17.1
101052,0,-18.18,54.54,52.36,1604,1709,16.04,17.09
101108,0,-18.19,54.57,52.38,1604,1709,16.04,17.09
101161,0,-18.11,54.33,52.16,1603,1708,16.03,17.08
101210,0,-18.04,54.12,51.99,1604,1707,16.04,17.07
101264,0,-17.96,53.93,51.82,1603,1706,16.03,17.06
101313,0,-17.87,53.61,51.46,1603,1706,16.03,17.06
101381,0,-17.82,53.46,51.32,1602,1705,16.02,17.05
101419,0,-17.84,53.5,51.36,1602,1705,16.02,17.05
101484,0,-17.8,53.41,51.28,1602,1705,16.02,17.05
101521,0,-17.73,53.21,51.09,1602,1705,16.02,17.05
101571,0,-17.64,52.91,50.8,1603,1704,16.03,17.04
101628,0,-17.57,52.72,50.62,1603,1704,16.03,17.04
101677,0,-17.57,52.7,50.56,1603,1704,16.03,17.04
101730,0,-17.62,52.86,50.72,1603,1704,16.03,17.04
101780,0,-17.71,53.02,50.9,1603,1704,16.03,17.04
101833,0,-17.83,53.41,51.28,1603,1706,16.03,17.06
101886,0,-17.97,53.86,51.7,1603,1706,16.03,17.06
101935,0,-18.03,54.07,51.9,1603,1706,16.03,17.06
101988,0,-18.06,54.15,51.98,1603,1706,16.03,17.06
102042,0,-18.12,54.31,52.13,1602,1707,16.02,17.07
102091,-1,-18.23,54.7,62.96,1593,1718,15.93,17.18
102151,-1,-18.36,55.09,53.85,1603,1710,16.03,17.1
102197,-2,-18.55,55.64,55.27,1601,1712,16.01,17.12
102247,-1,-18.61,55.84,54.57,1603,1712,16.03,17.12
102300,0,-18.56,55.74,53.51,1604,1711,16.04,17.11
102350,0,-18.49,55.51,53.29,1604,1711,16.04,17.11
102406,0,-18.45,55.34,53.12,1605,1712,16.05,17.12
102455,0,-18.44,55.31,53.1,1606,1713,16.06,17.13
102505,0,-18.39,55.19,52.98,1607,1712,16.07,17.12
102558,0,-18.33,55.04,52.84,1608,1713,16.08,17.13
102611,0,-18.27,54.82,52.63,1608,1713,16.08,17.13
102665,0,-18.21,54.67,52.48,1608,1713,16.08,17.13
102713,0,-18.18,54.55,52.36,1608,1713,16.08,17.13
102767,0,-18.18,54.53,52.35,1608,1713,16.08,17.13
102817,0,-18.24,54.7,52.51,1608,1713,16.08,17.13
102869,0,-18.29,54.86,52.62,1607,1712,16.07,17.12
102919,0,-18.28,54.85,52.66,1607,1712,16.07,17.12
102967,0,-18.19,54.56,52.38,1606,1711,16.06,17.11
103027,0,-18.06,54.17,52,1605,1710,16.05,17.1
103074,0,-17.96,53.91,51.75,1606,1709,16.06,17.09
103127,0,-17.93,53.77,51.62,1605,1708,16.05,17.08
103176,0,-17.92,53.77,51.62,1603,1706,16.03,17.06
103229,0,-17.88,53.63,51.53,1602,1705,16.02,17.05
103279,0,-17.79,53.38,51.24,1601,1704,16.01,17.04
103332,0,-17.67,53.02,50.9,1601,1702,16.01,17.02
103385,0,-17.62,52.86,50.75,1599,1700,15.99,17
103434,-1,-17.61,52.83,51.68,1597,1700,15.97,17
103487,-1,-17.59,52.78,51.63,1596,1699,15.96,16.99
103537,0,-17.46,52.38,50.29,1596,1697,15.96,16.97
103590,0,-17.37,52.15,50.06,1596,1697,15.96,16.97
103643,0,-17.43,52.3,50.21,1596,1697,15.96,16.97
103692,-1,-17.55,52.59,51.44,1595,1698,15.95,16.98
103745,-1,-17.6,52.77,51.62,1595,1698,15.95,16.98
103799,0,-17.64,52.87,41.16,1606,1689,16.06,16.89
103848,0,-17.68,53.04,50.92,1597,1698,15.97,16.98
103899,0,-17.71,53.12,50.98,1597,1698,15.97,16.98
103955,-1,-17.82,53.35,51.22,1596,1699,15.96,16.99
104026,-1,-17.99,53.9,52.71,1597,1702,15.97,17.02
104081,0,-18.07,54.19,52.98,1598,1703,15.98,17.03
104106,0,-18.09,54.28,52.11,1598,1703,15.98,17.03
104163,0,-18.1,54.3,52.12,1599,1704,15.99,17.04
104212,0,-18.16,54.43,52.25,1600,1705,16,17.05
104262,-1,-18.26,54.74,53.51,1599,1706,15.99,17.06
104315,-1,-18.35,55.01,53.77,1601,1708,16.01,17.08
104368,-1,-18.41,55.24,53.99,1602,1709,16.02,17.09
104421,-1,-18.44,55.32,54.07,1602,1711,16.02,17.11
104478,0,-18.39,55.16,52.96,1606,1711,16.06,17.11
104524,0,-18.28,54.9,52.7,1607,1712,16.07,17.12
104577,0,-18.14,54.52,52.34,1613,1718,16.13,17.18
104630,0,-18,54.01,51.85,1610,1713,16.1,17.13
104679,0,-17.89,53.73,51.58,1609,1712,16.09,17.12
104733,-1,-17.94,53.73,52.54,1608,1713,16.08,17.13
104782,-2,-18.19,54.47,54.21,1607,1716,16.07,17.16
104845,0,-18.31,54.85,43.06,1620,1707,16.2,17.07
104902,0,-18.22,54.76,52.57,1611,1716,16.11,17.16
104941,0,-18.09,54.28,52.11,1609,1714,16.09,17.14
105009,0,-18.15,54.36,52.19,1607,1712,16.07,17.12
105044,0,-18.3,54.83,52.63,1605,1710,16.05,17.1
105093,0,-18.35,55.04,52.87,1603,1708,16.03,17.08
105146,0,-18.24,54.73,52.65,1602,1707,16.02,17.07
105195,0,-18.06,54.19,52.03,1600,1705,16,17.05
105250,0,-17.88,53.63,51.49,1599,1702,15.99,17.02
105302,0,-17.68,53.05,50.93,1599,1700,15.99,17
105351,0,-17.6,52.79,50.71,1598,1699,15.98,16.99
105404,-2,-17.62,52.86,51.67,1596,1699,15.96,16.99
105453,-2,-17.74,53.16,52.95,1594,1699,15.94,16.99
105507,-2,-17.82,53.41,53.2,1593,1700,15.93,17
105560,0,-17.81,53.44,41.7,1604,1687,16.04,16.87
105609,0,-17.71,53.2,51.08,1594,1697,15.94,16.97
105662,0,-17.64,52.93,50.82,1596,1697,15.96,16.97
105711,0,-17.69,53.01,50.89,1596,1697,15.96,16.97
105765,-1,-17.85,53.54,52.27,1595,1700,15.95,17
105815,0,-17.91,53.74,51.57,1596,1699,15.96,16.99
105871,0,-17.9,53.72,51.57,1597,1700,15.97,17
105920,0,-17.94,53.79,51.64,1599,1702,15.99,17.02
105970,0,-17.99,53.94,51.76,1600,1703,16,17.03
106023,0,-18.05,54.16,51.95,1601,1704,16.01,17.04
106072,-1,-18.17,54.52,62.9,1592,1717,15.92,17.17
106125,-1,-18.34,54.96,53.72,1601,1708,16.01,17.08
106174,0,-18.42,55.27,53.06,1605,1712,16.05,17.12
106228,0,-18.39,55.16,52.95,1604,1709,16.04,17.09
106281,0,-18.32,54.97,52.77,1605,1710,16.05,17.1
106330,0,-18.37,55.07,52.84,1606,1711,16.06,17.11
106383,-2,-18.5,55.51,55.12,1604,1715,16.04,17.15
106432,-2,-18.58,55.74,65.03,1594,1725,15.94,17.25
106482,0,-18.65,55.94,45.06,1618,1709,16.18,17.09
106539,0,-18.57,55.72,53.49,1608,1715,16.08,17.15
106588,1,-18.36,55.19,52.02,1610,1715,16.1,17.15
106641,0,-18.15,54.59,52.4,1610,1715,16.1,17.15
106690,0,-18.02,54.13,51.97,1610,1713,16.1,17.13
106745,0,-17.95,53.86,51.71,1611,1714,16.11,17.14
106793,-1,-18.03,54,52.8,1610,1715,16.1,17.15
106872,0,-18.06,54.19,52.02,1610,1715,16.1,17.15
106899,1,-17.84,53.67,50.56,1613,1714,16.13,17.14
106948,1,-17.65,53.07,49.98,1614,1713,16.14,17.13
107001,0,-17.52,52.6,60.09,1603,1724,16.03,17.24
107051,-2,-17.58,52.75,62.16,1597,1722,15.97,17.22
107104,-5,-17.78,53.34,65.49,1599,1730,15.99,17.3
107157,-1,-17.86,53.59,42.84,1622,1707,16.22,17.07
107206,-2,-17.89,53.64,53.42,1611,1718,16.11,17.18
107262,0,-17.83,53.55,52.37,1613,1718,16.13,17.18
107313,0,-17.7,53.19,51.06,1614,1717,16.14,17.17
107383,-2,-17.66,52.67,62.05,1602,1727,16.02,17.27
107411,-2,-17.74,52.33,52.15,1611,1716,16.11,17.16
107468,-2,-17.82,52.57,52.39,1610,1715,16.1,17.15
107519,-1,-17.82,52.57,41.82,1620,1703,16.2,17.03
107571,-1,-17.8,52.52,51.38,1610,1713,16.1,17.13
107628,0,-17.77,52.42,51.28,1610,1713,16.1,17.13
107677,0,-17.74,52.34,50.25,1611,1712,16.11,17.12
107730,0,-17.74,52.33,50.24,1612,1713,16.12,17.13
107780,0,-17.79,52.42,50.33,1612,1713,16.12,17.13
107833,0,-17.88,52.73,50.62,1612,1713,16.12,17.13
107903,0,-17.91,52.84,50.73,1613,1714,16.13,17.14
107935,0,-17.93,52.89,50.78,1614,1715,16.14,17.15
107987,0,-18.01,53.09,50.97,1615,1716,16.15,17.16
108038,0,-18.11,53.36,51.23,1615,1718,16.15,17.18
108090,-1,-18.21,53.65,62.06,1605,1730,16.05,17.3
108140,-1,-18.37,54.14,52.93,1617,1722,16.17,17.22
108189,-1,-18.54,54.67,53.44,1617,1724,16.17,17.24
108247,-2,-18.65,55.06,64.37,1607,1736,16.07,17.36
108296,-1,-18.77,55.35,44.49,1629,1718,16.29,17.18
108349,-1,-18.8,55.5,54.24,1620,1729,16.2,17.29
108398,-1,-18.77,55.41,54.15,1621,1730,16.21,17.3
108447,-3,-18.86,55.58,55.27,1621,1732,16.21,17.32
108501,-3,-18.99,56.01,56.65,1621,1734,16.21,17.34
108554,-3,-19.04,56.21,56.84,1622,1735,16.22,17.35
108607,0,-18.87,55.72,53.49,1626,1733,16.26,17.33
108656,0,-18.6,55.07,52.87,1629,1734,16.29,17.34
108709,1,-18.27,54.08,50.96,1633,1734,16.33,17.34
108759,0,-18.1,53.45,51.31,1633,1736,16.33,17.36
108816,0,-18.01,53.14,51.02,1634,1737,16.34,17.37
108865,-3,-18.09,53.27,63.53,1621,1748,16.21,17.48
108914,-5,-18.42,54.13,66.36,1619,1752,16.19,17.52
108967,-2,-18.74,55.1,45.09,1639,1730,16.39,17.3
109017,0,-18.98,55.97,53.73,1631,1738,16.31,17.38
109070,1,-18.92,55.94,52.74,1632,1737,16.32,17.37
109123,3,-18.59,54.87,50.02,1631,1732,16.31,17.32
109176,4,-18,53.4,37.82,1641,1716,16.41,17.16
109226,1,-17.69,52.24,57.83,1618,1733,16.18,17.33
109279,-5,-17.84,52.62,62.81,1611,1736,16.11,17.36
109328,-4,-18.18,53.65,45.64,1626,1717,16.26,17.17
109377,-2,-18.2,53.69,53.46,1616,1723,16.16,17.23
109434,-1,-18.11,53.44,52.27,1615,1720,16.15,17.2
109484,-1,-17.92,52.85,51.8,1613,1716,16.13,17.16
109537,-1,-17.74,52.4,51.26,1612,1715,16.12,17.15
109586,-1,-17.6,51.95,50.83,1612,1713,16.12,17.13
109639,-1,-17.57,51.81,50.7,1611,1712,16.11,17.12
109692,-2,-17.62,51.96,51.81,1609,1712,16.09,17.12
109746,-1,-17.69,52.14,51.97,1609,1712,16.09,17.12
109795,0,-17.71,52.25,51.12,1609,1712,16.09,17.12
109844,0,-17.69,52.2,50.11,1611,1712,16.11,17.12
109897,0,-17.68,51.83,49.75,1612,1711,16.12,17.11
109976,0,-17.72,51.61,49.54,1613,1712,16.13,17.12
110015,0,-17.84,48.73,46.78,1616,1709,16.16,17.09
110053,0,-17.97,48.8,46.79,1616,1709,16.16,17.09
110106,0,-18.08,49.06,47.1,1616,1711,16.16,17.11
110155,0,-18.21,49.42,47.44,1618,1713,16.18,17.13
110213,0,-18.33,49.9,47.91,1620,1715,16.2,17.15
110262,0,-18.38,50.05,48.04,1620,1717,16.2,17.17
110324,0,-18.37,50.07,48.07,1620,1717,16.2,17.17
110384,0,-18.4,50.07,48.07,1622,1719,16.22,17.19
110420,-2,-18.53,50.39,50.29,1621,1722,16.21,17.22
110467,-2,-18.69,50.86,50.75,1623,1724,16.23,17.24
110523,-3,-18.81,51.32,52.1,1623,1728,16.23,17.28
110573,-1,-18.83,51.45,51.31,1625,1728,16.25,17.28
110622,-1,-18.8,51.28,50.19,1627,1728,16.27,17.28
110675,-1,-18.8,51.31,50.23,1628,1729,16.28,17.29
110727,-2,-18.84,51.43,51.24,1629,1732,16.29,17.32
110777,-2,-18.91,51.62,51.47,1630,1733,16.3,17.33
110831,-1,-18.93,51.69,50.58,1633,1734,16.33,17.34
110882,0,-18.75,51.25,49.2,1635,1734,16.35,17.34
110933,0,-18.59,50.71,48.68,1635,1732,16.35,17.32
110983,0,-18.65,50.84,48.74,1636,1733,16.36,17.33
111036,-1,-18.8,51.21,50.12,1634,1735,16.34,17.35
111085,-1,-18.91,51.62,40.92,1643,1724,16.43,17.24
111141,-1,-18.94,51.73,50.62,1633,1734,16.33,17.34
111191,0,-18.89,51.6,49.54,1633,1732,16.33,17.32
111245,1,-18.79,51.34,38.73,1644,1721,16.44,17.21
111294,1,-18.67,51,48,1634,1731,16.34,17.31
111346,1,-18.51,50.53,47.55,1635,1730,16.35,17.3
111400,0,-18.43,49.58,47.6,1635,1730,16.35,17.3
111450,0,-18.41,46.52,44.66,1637,1726,16.37,17.26
111503,0,-18.45,46.34,44.48,1637,1726,16.37,17.26
111552,0,-18.46,46.42,44.56,1636,1725,16.36,17.25
111605,0,-18.39,46.2,44.35,1636,1725,16.36,17.25
111658,0,-18.29,45.86,44.03,1636,1725,16.36,17.25
111712,0,-18.19,45.59,43.77,1637,1724,16.37,17.24
111761,0,-18.13,45.42,43.6,1638,1725,16.38,17.25
111814,0,-18.13,45.37,43.56,1638,1725,16.38,17.25
111863,0,-18.09,45.32,43.51,1639,1726,16.39,17.26
111915,0,-18.04,45.17,43.36,1639,1726,16.39,17.26
111970,0,-17.97,44.9,43.11,1640,1727,16.4,17.27
112020,0,-17.9,44.73,42.94,1643,1728,16.43,17.28
112073,0,-17.93,44.74,42.95,1644,1729,16.44,17.29
112124,0,-18.05,45.06,43.26,1644,1731,16.44,17.31
112175,0,-18.21,45.64,43.75,1644,1731,16.44,17.31
112229,0,-18.31,45.94,44.1,1644,1733,16.44,17.33
112278,0,-18.37,45.77,43.94,1646,1733,16.46,17.33
112331,0,-18.48,46.09,44.25,1647,1736,16.47,17.36
112380,0,-18.58,46.41,44.55,1648,1737,16.48,17.37
112433,0,-18.68,46.68,44.81,1649,1738,16.49,17.38
112483,-1,-18.81,47.14,46.12,1648,1741,16.48,17.41
112535,-2,-18.99,47.68,47.69,1648,1743,16.48,17.43
112589,-1,-19.12,47.47,46.53,1650,1743,16.5,17.43
112641,-1,-19.25,46.6,45.69,1653,1744,16.53,17.44
112691,-1,-19.26,45.5,44.64,1654,1743,16.54,17.43
112744,0,-19.21,44.46,42.69,1657,1742,16.57,17.42
112795,-1,-19.2,44.41,43.59,1656,1743,16.56,17.43
112852,-2,-19.26,44.59,44.73,1656,1745,16.56,17.45
112899,-1,-19.29,44.66,43.83,1657,1744,16.57,17.44
112969,0,-19.1,44.2,42.43,1658,1743,16.58,17.43
113028,0,-18.87,43.51,41.77,1659,1742,16.59,17.42
113051,0,-18.73,43.05,41.33,1659,1742,16.59,17.42
113101,0,-18.67,42.88,41.16,1659,1742,16.59,17.42
113153,0,-18.56,42.57,40.86,1659,1740,16.59,17.4
113208,0,-18.44,42.11,40.43,1658,1739,16.58,17.39
113260,0,-18.31,41.77,40.09,1656,1737,16.56,17.37
113318,0,-18.23,41.47,39.81,1655,1734,16.55,17.34
113376,0,-18.22,41.44,39.78,1654,1733,16.54,17.33
113421,0,-18.27,41.58,39.92,1653,1732,16.53,17.32
113503,0,-18.23,41.5,39.84,1651,1730,16.51,17.3
113518,0,-18.04,40.92,39.39,1650,1729,16.5,17.29
113568,0,-17.86,40.48,38.86,1650,1727,16.5,17.27
113621,0,-17.69,39.97,38.38,1649,1726,16.49,17.26
113673,0,-17.54,39.52,37.94,1648,1723,16.48,17.23
113736,0,-17.4,38.99,37.43,1648,1723,16.48,17.23
113782,0,-17.22,38.57,37.02,1647,1722,16.47,17.22
113829,0,-17.06,38.09,36.56,1648,1721,16.48,17.21
113879,0,-16.92,37.57,36.14,1648,1721,16.48,17.21
113931,-1,-16.83,37.3,35.83,1649,1720,16.49,17.2
113981,-1,-16.89,37.47,36.93,1648,1721,16.48,17.21
114031,-2,-17.02,37.86,38.27,1646,1723,16.46,17.23
114087,-2,-17.2,38.4,38.78,1647,1724,16.47,17.24
114137,0,-17.3,38.67,37.13,1648,1723,16.48,17.23
114189,0,-17.38,38.95,37.33,1648,1723,16.48,17.23
114240,0,-17.52,39.36,37.71,1649,1724,16.49,17.24
114292,-1,-17.75,40.05,39.25,1648,1727,16.48,17.27
114346,-1,-18.01,40.83,40.16,1648,1729,16.48,17.29
114398,-1,-18.27,41.49,40.79,1648,1729,16.48,17.29
114447,-1,-18.5,42.17,41.45,1648,1731,16.48,17.31
114498,-1,-18.78,42.96,42.2,1648,1733,16.48,17.33
114550,-1,-18.97,43.71,42.92,1649,1734,16.49,17.34
114599,-1,-19.1,44.11,43.31,1649,1736,16.49,17.36
114656,-1,-19.2,44.39,43.58,1649,1736,16.49,17.36
114707,-1,-19.2,44.44,43.62,1650,1737,16.5,17.37
114755,-1,-19.12,44.2,43.39,1650,1737,16.5,17.37
114809,0,-18.98,43.85,42.09,1651,1736,16.51,17.36
114859,0,-18.8,43.21,41.59,1652,1735,16.52,17.35
114914,0,-18.65,42.76,41.11,1652,1735,16.52,17.35
114965,0,-18.53,42.46,40.76,1653,1734,16.53,17.34
115017,0,-18.51,42.33,40.64,1653,1734,16.53,17.34
115067,0,-18.58,42.48,40.78,1652,1733,16.52,17.33
115119,0,-18.56,42.48,40.78,1652,1733,16.52,17.33
115168,1,-18.46,42.26,39.61,1652,1731,16.52,17.31
115226,1,-18.31,41.72,48.75,1644,1741,16.44,17.41
115275,0,-18.17,41.32,49.29,1643,1742,16.43,17.42
115328,0,-18.22,41.37,39.71,1652,1731,16.52,17.31
115378,0,-18.27,41.59,39.92,1650,1729,16.5,17.29
115430,0,-18.23,41.5,39.84,1650,1729,16.5,17.29
115484,0,-18.07,41.15,39.5,1650,1729,16.5,17.29
115534,0,-17.89,40.56,38.93,1650,1727,16.5,17.27
115586,0,-17.8,40.26,38.65,1649,1726,16.49,17.26
115639,0,-17.76,40.08,38.49,1649,1726,16.49,17.26
115693,0,-17.76,40.07,38.45,1649,1726,16.49,17.26
115746,0,-17.73,40.04,38.44,1648,1725,16.48,17.25
115795,0,-17.63,39.72,38.13,1648,1725,16.48,17.25
115848,0,-17.57,39.53,37.95,1649,1724,16.49,17.24
115900,0,-17.55,39.46,37.89,1650,1725,16.5,17.25
115949,-1,-17.56,39.44,37.86,1650,1725,16.5,17.25
116008,-1,-17.7,39.9,39.27,1649,1728,16.49,17.28
116053,0,-17.81,40.22,29.01,1659,1718,16.59,17.18
116106,0,-17.81,40.21,38.61,1651,1728,16.51,17.28
116155,0,-17.77,40.16,38.55,1651,1728,16.51,17.28
116206,0,-17.69,39.87,38.32,1652,1729,16.52,17.29
116263,0,-17.7,39.91,38.32,1656,1733,16.56,17.33
116315,-1,-17.9,40.49,39.74,1653,1732,16.53,17.32
116370,-2,-18.1,40.94,40.27,1653,1734,16.53,17.34
116417,-1,-18.28,41.54,31.23,1663,1726,16.63,17.26
116484,0,-18.37,41.92,40.24,1658,1739,16.58,17.39
116538,0,-18.3,41.75,40.08,1656,1737,16.56,17.37
116589,0,-18.23,41.5,39.83,1658,1737,16.58,17.37
116626,0,-18.31,41.63,39.96,1658,1737,16.58,17.37
116676,-1,-18.48,42.13,51,1647,1750,16.47,17.5
116726,-1,-18.66,42.47,41.73,1657,1740,16.57,17.4
116782,-2,-18.78,42.83,43.04,1655,1742,16.55,17.42
116832,-1,-18.83,42.98,42.21,1657,1742,16.57,17.42
116884,0,-18.83,43.01,41.29,1659,1742,16.59,17.42
116934,0,-18.78,42.83,41.12,1659,1742,16.59,17.42
116987,0,-18.73,42.73,41.02,1659,1742,16.59,17.42
117040,0,-18.71,42.66,40.95,1660,1741,16.6,17.41
117093,0,-18.7,42.63,40.93,1659,1740,16.59,17.4
117142,0,-18.67,42.56,40.85,1659,1740,16.59,17.4
117196,1,-18.6,42.37,30.12,1668,1729,16.68,17.29
117245,1,-18.47,41.69,39.07,1659,1738,16.59,17.38
117302,1,-18.29,41.06,38.46,1660,1737,16.6,17.37
117352,0,-18.12,40.6,38.02,1658,1735,16.58,17.35
117404,0,-18.08,40.45,38.84,1657,1734,16.57,17.34
117454,0,-18.07,40.43,38.82,1656,1733,16.56,17.33
117507,0,-18.02,40.3,38.69,1655,1732,16.55,17.32
117560,0,-17.95,40.05,38.45,1654,1731,16.54,17.31
117609,0,-17.88,39.85,38.26,1653,1730,16.53,17.3
117662,0,-17.78,39.59,38.01,1652,1729,16.52,17.29
117712,0,-17.67,39.27,37.7,1652,1727,16.52,17.27
117765,-1,-17.58,38.94,37.39,1652,1727,16.52,17.27
117821,0,-17.52,38.82,27.67,1661,1716,16.61,17.16
117869,0,-17.47,38.65,37.11,1650,1725,16.5,17.25
117921,0,-17.39,38.43,36.9,1651,1724,16.51,17.24
117971,0,-17.31,38.19,36.67,1651,1724,16.51,17.24
118023,0,-17.21,37.82,36.34,1654,1727,16.54,17.27
118076,0,-17.22,37.85,36.32,1656,1729,16.56,17.29
118125,-1,-17.28,38.04,37.47,1657,1732,16.57,17.32
118179,-1,-17.43,38.5,37.92,1659,1734,16.59,17.34
118232,-1,-17.56,38.86,38.27,1661,1738,16.61,17.38
118281,0,-17.56,38.88,38.28,1664,1741,16.64,17.41
118334,0,-17.61,38.97,37.41,1668,1743,16.68,17.43
118383,0,-17.74,39.42,37.84,1671,1746,16.71,17.46
118433,0,-17.87,39.8,38.21,1675,1752,16.75,17.52
118490,-1,-18.02,40.26,39.61,1675,1754,16.75,17.54
118542,-2,-18.34,41.06,41.34,1677,1760,16.77,17.6
118592,-2,-18.54,41.71,41.96,1680,1763,16.8,17.63
118641,-1,-18.67,42.14,41.42,1683,1766,16.83,17.66
118691,-1,-18.8,42.52,41.78,1686,1769,16.86,17.69
118744,-1,-18.96,43.07,42.21,1688,1773,16.88,17.73
118797,-2,-19.12,43.57,43.75,1690,1777,16.9,17.77
118850,-2,-19.3,44.02,44.11,1692,1781,16.92,17.81
118899,-2,-19.42,44.4,44.54,1696,1785,16.96,17.85
118950,-2,-19.51,44.68,44.82,1698,1787,16.98,17.87
119002,-1,-19.55,44.84,44.01,1701,1790,17.01,17.9
119051,0,-19.53,44.78,43.03,1705,1792,17.05,17.92
119129,0,-19.4,44.4,42.73,1708,1793,17.08,17.93
119161,0,-19.23,43.89,42.13,1710,1795,17.1,17.95
119211,0,-19.16,43.66,41.91,1713,1796,17.13,17.96
119268,0,-19.23,43.8,42.05,1714,1799,17.14,17.99
119318,0,-19.36,44.23,42.46,1717,1802,17.17,18.02
119368,0,-19.37,44.29,42.52,1720,1805,17.2,18.05
119420,0,-19.33,44.24,42.47,1723,1808,17.23,18.08
119469,0,-19.23,44,42.24,1724,1809,17.24,18.09
119522,0,-19.09,43.58,41.84,1728,1811,17.28,18.11
119575,0,-18.99,43.17,41.48,1730,1813,17.3,18.13
119630,0,-18.93,43,41.28,1732,1815,17.32,18.15
119695,0,-18.91,42.93,41.21,1733,1816,17.33,18.16
119742,0,-18.88,42.84,41.12,1735,1818,17.35,18.18
119788,-1,-18.9,42.9,42.15,1734,1819,17.34,18.19
119837,-2,-19.07,43.34,53.13,1723,1830,17.23,18.3
119887,-2,-19.17,43.67,43.84,1734,1821,17.34,18.21
119940,-3,-19.22,43.86,44.97,1733,1822,17.33,18.22
119989,-3,-19.22,43.85,44.98,1734,1823,17.34,18.23
120042,-4,-19.24,43.88,45.96,1734,1825,17.34,18.25
120095,-4,-19.29,44.04,46.12,1734,1827,17.34,18.27
120149,-5,-19.32,44.18,47.21,1733,1828,17.33,18.28
120198,-5,-19.34,44.19,47.22,1732,1827,17.32,18.27
120251,-3,-19.33,44.2,36.73,1742,1815,17.42,18.15
120300,-6,-19.44,44.51,67.69,1711,1846,17.11,18.46
120351,-4,-19.62,45.07,47.1,1731,1826,17.31,18.26
120407,-5,-19.83,45.68,48.65,1730,1827,17.3,18.27
120456,-3,-20.12,46.42,47.45,1730,1825,17.3,18.25
120509,-3,-20.33,47.07,48.07,1729,1826,17.29,18.26
120558,-2,-20.59,47.82,48.79,1730,1827,17.3,18.27
120611,-2,-20.8,48.46,58.04,1721,1838,17.21,18.38
120665,-2,-21.07,49.41,49.35,1731,1830,17.31,18.3
120718,-3,-21.49,50.45,51.32,1728,1831,17.28,18.31
120767,-3,-21.89,51.87,52.68,1727,1832,17.27,18.32
120820,-3,-22.27,52.79,53.56,1727,1834,17.27,18.34
120874,-3,-22.61,54.02,54.74,1727,1836,17.27,18.36
120929,-3,-22.94,55.02,55.55,1727,1838,17.27,18.38
120978,-3,-23.18,55.73,56.23,1726,1839,17.26,18.39
121029,-3,-23.42,56.33,56.96,1726,1839,17.26,18.39
121078,-3,-23.65,57.02,57.62,1725,1840,17.25,18.4
121136,-3,-23.87,57.82,58.39,1725,1842,17.25,18.42
121185,-1,-23.99,58.13,56.77,1727,1840,17.27,18.4
121238,0,-24,58.17,55.84,1729,1840,17.29,18.4
121287,0,-24.03,58.26,55.93,1728,1839,17.28,18.39
121345,0,-24.02,58.26,55.93,1728,1839,17.28,18.39
121398,0,-23.98,58.14,55.83,1728,1839,17.28,18.39
121447,0,-23.97,57.82,55.5,1728,1839,17.28,18.39
121496,0,-23.94,57.74,55.43,1728,1839,17.28,18.39
121549,0,-23.89,57.58,55.28,1728,1839,17.28,18.39
121603,0,-23.77,57.21,54.92,1728,1837,17.28,18.37
121656,0,-23.62,56.81,54.54,1727,1836,17.27,18.36
121705,0,-23.56,56.61,54.34,1727,1836,17.27,18.36
121758,1,-23.5,56.46,53.24,1727,1834,17.27,18.34
121807,1,-23.41,56.14,52.94,1728,1833,17.28,18.33
121865,1,-23.29,52.18,49.13,1730,1829,17.3,18.29
121914,0,-23.22,50.76,59.2,1719,1838,17.19,18.38
121963,0,-23.2,47.09,45.21,1731,1822,17.31,18.22
122016,0,-23.19,43.19,41.46,1731,1814,17.31,18.14
122066,0,-23.15,39.14,37.57,1725,1800,17.25,18
122121,0,-23.07,35.92,34.48,1727,1796,17.27,17.96
122172,0,-23.01,32.17,30.88,1726,1787,17.26,17.87
122222,0,-22.9,27.33,26.24,1726,1779,17.26,17.79
122274,-1,-22.84,25.05,25.01,1722,1773,17.22,17.73
122324,-1,-22.79,21.88,22.01,1719,1764,17.19,17.64
122377,-1,-22.67,21.21,21.44,1715,1758,17.15,17.58
122439,-1,-22.53,20.87,21,1713,1754,17.13,17.54
122505,-1,-22.46,20.02,20.18,1709,1750,17.09,17.5
122532,-1,-22.43,19.92,20.08,1705,1746,17.05,17.46
122585,-1,-22.38,19.76,19.93,1702,1741,17.02,17.41
122635,0,-22.36,19.68,19.85,1698,1737,16.98,17.37
122688,0,-22.37,19.7,18.89,1696,1733,16.96,17.33
122737,0,-22.47,20.01,19.21,1691,1730,16.91,17.3
122795,0,-22.61,20.42,19.61,1689,1728,16.89,17.28
122844,0,-22.73,20.8,19.91,1686,1725,16.86,17.25
122902,0,-22.9,21.19,20.35,1681,1722,16.81,17.22
122946,-1,-23.08,21.54,21.53,1677,1720,16.77,17.2
122995,-1,-23.26,22.08,22.16,1673,1718,16.73,17.18
123044,-1,-23.39,22.46,22.52,1671,1716,16.71,17.16
123102,-1,-23.48,22.75,22.8,1669,1714,16.69,17.14
123151,0,-23.58,22.98,22.06,1665,1710,16.65,17.1
123204,-1,-23.68,23.29,23.32,1661,1708,16.61,17.08
123253,-1,-23.73,23.46,23.48,1658,1705,16.58,17.05
123302,0,-23.75,23.55,13.01,1666,1693,16.66,16.93
123356,0,-23.62,23.24,22.31,1655,1700,16.55,17
123411,1,-23.35,22.36,20.51,1654,1695,16.54,16.95
123462,0,-23.02,21.49,20.63,1651,1692,16.51,16.92
123511,0,-22.78,20.76,19.93,1649,1688,16.49,16.88
123564,0,-22.66,20.38,19.56,1645,1684,16.45,16.84
123614,0,-22.6,20.06,19.28,1641,1680,16.41,16.8
123669,0,-22.55,19.96,19.16,1636,1675,16.36,16.75
123720,0,-22.6,20.11,19.28,1631,1670,16.31,16.7
123773,0,-22.74,20.52,19.7,1628,1667,16.28,16.67
123826,0,-22.81,20.73,19.9,1624,1663,16.24,16.63
123880,1,-22.74,20.52,18.74,1621,1658,16.21,16.58
123931,0,-22.64,20.26,19.45,1615,1654,16.15,16.54
123982,0,-22.63,20.15,19.34,1610,1649,16.1,16.49
124031,0,-22.61,20.18,19.37,1606,1645,16.06,16.45
124085,0,-22.51,19.83,19.13,1602,1641,16.02,16.41
124138,0,-22.33,19.3,18.53,1599,1636,15.99,16.36
124191,0,-22.12,18.74,17.99,1595,1630,15.95,16.3
124244,0,-22.01,18.41,17.67,1590,1625,15.9,16.25
124294,0,-21.91,18.03,17.31,1587,1622,15.87,16.22
124351,0,-21.79,17.68,17.03,1584,1619,15.84,16.19
124400,0,-21.74,17.54,16.84,1581,1614,15.81,16.14
124449,0,-21.78,17.63,16.92,1577,1610,15.77,16.1
124502,0,-21.82,17.7,16.99,1574,1607,15.74,16.07
124552,0,-21.88,17.89,17.17,1569,1604,15.69,16.04
124609,0,-21.97,18.21,17.48,1567,1602,15.67,16.02
124658,0,-22.07,18.51,17.71,1565,1600,15.65,16
124711,0,-22.14,18.67,17.92,1562,1597,15.62,15.97
124764,0,-22.21,18.91,18.16,1558,1595,15.58,15.95
124818,0,-22.25,19.05,18.29,1556,1593,15.56,15.93
124871,0,-22.26,19.08,18.31,1553,1590,15.53,15.9
124940,0,-22.23,19.03,18.27,1550,1587,15.5,15.87
124979,0,-22.18,18.86,18.11,1546,1583,15.46,15.83
125023,0,-22.08,18.61,17.87,1544,1579,15.44,15.79
125080,0,-22,18.3,17.57,1541,1576,15.41,15.76
125129,0,-21.86,17.87,17.22,1537,1572,15.37,15.72
125178,0,-21.73,17.56,16.85,1534,1567,15.34,15.67
125231,0,-21.56,17.11,16.42,1530,1563,15.3,15.63
125281,1,-21.35,16.49,15.83,1527,1558,15.27,15.58
125338,2,-21.11,15.62,13.08,1525,1552,15.25,15.52
125387,2,-20.82,14.88,12.37,1522,1547,15.22,15.47
125436,2,-20.64,14.35,11.85,1518,1541,15.18,15.41
125492,0,-20.56,13.98,12.46,1512,1537,15.12,15.37
125569,0,-20.57,13.67,13.13,1506,1533,15.06,15.33
125596,0,-20.66,13.99,13.37,1502,1529,15.02,15.29
125649,0,-20.74,14.22,13.65,1497,1524,14.97,15.24
125702,1,-20.72,14.17,12.65,1493,1518,14.93,15.18
125752,1,-20.66,14.04,12.52,1489,1514,14.89,15.14
125806,1,-20.52,13.56,12.06,1485,1510,14.85,15.1
125858,2,-20.26,12.93,11.45,1481,1504,14.81,15.04
125907,2,-20.04,12.25,9.84,1479,1498,14.79,14.98
125959,1,-19.83,11.6,9.21,1475,1494,14.75,14.94
126010,0,-19.71,11.2,20.35,1460,1501,14.6,15.01
126062,0,-19.6,10.85,10.41,1466,1487,14.66,14.87
126116,0,-19.49,10.47,10.05,1462,1483,14.62,14.83
126165,1,-19.33,10.11,9.7,1460,1479,14.6,14.79
126218,2,-19.15,9.56,-2.34,1468,1463,14.68,14.63
126268,1,-19.01,9.04,17.39,1445,1480,14.45,14.8
126321,1,-18.87,8.6,7.4,1451,1466,14.51,14.66
126374,1,-18.73,8.19,6.9,1449,1462,14.49,14.62
126427,1,-18.56,7.77,6.49,1446,1459,14.46,14.59
126477,1,-18.42,7.34,6.09,1444,1457,14.44,14.57
126530,1,-18.34,7.08,5.83,1442,1453,14.42,14.53
126579,1,-18.19,6.69,5.46,1442,1453,14.42,14.53
126630,1,-17.97,5.92,4.72,1438,1447,14.38,14.47
126685,1,-17.78,5.34,4.17,1436,1445,14.36,14.45
126735,2,-17.56,4.85,3.7,1433,1440,14.33,14.4
126788,2,-17.25,3.94,1.86,1432,1435,14.32,14.35
126837,4,-16.85,2.84,-9.75,1440,1421,14.4,14.21
126894,5,-16.33,0.98,-3.86,1432,1425,14.32,14.25
126946,6,-15.59,-0.82,-6.55,1432,1419,14.32,14.19
126997,6,-14.96,-2.73,-8.38,1432,1415,14.32,14.15
127046,7,-14.28,-4.74,-11.27,1432,1409,14.32,14.09
127099,8,-13.56,-7.31,-24.3,1442,1393,14.42,13.93
127148,9,-12.74,-9.24,-17.51,1433,1398,14.33,13.98
127205,10,-11.88,-12.37,-11.87,1424,1401,14.24,14.01
127255,13,-10.65,-15.39,-36.86,1447,1374,14.47,13.74
127304,16,-9.42,-18.97,-42.21,1450,1365,14.5,13.65
127357,18,-8.08,-22.91,-38.32,1444,1367,14.44,13.67
127406,19,-6.67,-27.2,-44.35,1446,1357,14.46,13.57
127460,19,-5.31,-31.28,-58.83,1457,1340,14.57,13.4
127513,33,-3.31,-38.08,-106.63,1502,1289,15.02,12.89
127565,29,-0.66,-44.73,-41.98,1433,1350,14.33,13.5
127615,6,0.43,-49.1,10.46,1378,1399,13.78,13.99
127667,1,0.75,-50.08,-40.4,1426,1345,14.26,13.45
127718,0,0.88,-50.64,-48.61,1431,1334,14.31,13.34
127775,0,1.37,-52.11,-50.02,1430,1329,14.3,13.29
127824,0,1.23,-51.68,-49.62,1426,1327,14.26,13.27
127877,0,1.3,-51.88,-49.8,1422,1323,14.22,13.23
127926,-1,1.26,-51.86,-49.78,1418,1319,14.18,13.19
127984,0,1.14,-51.46,-59,1424,1307,14.24,13.07
128033,0,1.25,-51.75,-49.68,1412,1313,14.12,13.13
128083,0,1.23,-51.69,-49.62,1408,1309,14.08,13.09
128135,0,1.23,-51.73,-49.66,1405,1306,14.05,13.06
128185,0,1.21,-51.64,-49.61,1401,1302,14.01,13.02
128238,0,1.21,-51.63,-49.57,1398,1299,13.98,12.99
128299,0,1.2,-51.59,-49.56,1394,1295,13.94,12.95
128367,0,1.19,-51.58,-49.52,1391,1292,13.91,12.92
128393,0,1.2,-51.6,-49.53,1387,1288,13.87,12.88
128446,0,1.18,-51.55,-49.49,1383,1284,13.83,12.84
128496,0,1.18,-51.53,-49.45,1380,1281,13.8,12.81
128548,0,1.17,-51.51,-49.44,1376,1277,13.76,12.77
128602,0,1.16,-51.49,-49.43,1373,1274,13.73,12.74
128654,0,1.16,-51.47,-49.41,1369,1270,13.69,12.7
128715,0,1.17,-51.48,-49.42,1365,1266,13.65,12.66
128757,0,1.16,-51.49,-49.43,1362,1263,13.62,12.63
128811,0,1.14,-51.41,-49.36,1358,1259,13.58,12.59
128863,0,1.14,-51.42,-49.37,1355,1256,13.55,12.56
128913,0,1.13,-51.4,-49.36,1351,1252,13.51,12.52
128966,0,1.13,-51.38,-49.34,1347,1248,13.47,12.48
129015,0,1.13,-51.34,-49.28,1344,1245,13.44,12.45
129065,0,1.12,-51.37,-49.31,1340,1241,13.4,12.41
129121,0,1.11,-51.32,-49.27,1337,1238,13.37,12.38
129171,0,1.11,-51.36,-49.31,1333,1234,13.33,12.34
129224,0,1.12,-51.35,-49.32,1330,1231,13.3,12.31
129274,0,1.11,-51.34,-49.3,1326,1227,13.26,12.27
129326,0,1.11,-51.36,-49.31,1322,1223,13.22,12.23
129380,0,1.11,-51.34,-49.29,1319,1220,13.19,12.2
129433,0,1.11,-51.33,-49.28,1315,1216,13.15,12.16
129483,0,1.11,-51.34,-49.29,1311,1212,13.11,12.12
129542,0,1.1,-51.33,-49.27,1308,1209,13.08,12.09
129590,0,1.11,-51.32,-49.27,1304,1205,13.04,12.05
129642,0,1.11,-51.29,-49.24,1301,1202,13.01,12.02
129693,0,1.1,-51.34,-49.28,1297,1198,12.97,11.98
129745,0,1.1,-51.33,-49.28,1293,1194,12.93,11.94
129795,0,1.11,-51.29,-49.24,1291,1192,12.91,11.92
129848,0,1.11,-51.3,-49.25,1287,1188,12.87,11.88
129901,0,1.1,-51.29,-49.27,1284,1185,12.84,11.85
129951,0,1.1,-51.27,-49.22,1280,1181,12.8,11.81
130000,0,1.09,-51.29,-49.24,1276,1177,12.76,11.77
130053,0,1.07,-51.29,-49.24,1272,1173,12.72,11.73
130102,0,1.08,-51.25,-49.21,1269,1170,12.69,11.7
130154,0,1.09,-51.24,-49.19,1266,1167,12.66,11.67
130209,0,1.09,-51.25,-49.2,1262,1163,12.62,11.63
130261,0,1.09,-51.28,-49.23,1258,1159,12.58,11.59
130311,0,1.09,-51.27,-49.22,1255,1156,12.55,11.56
130363,0,1.08,-51.26,-49.21,1251,1152,12.51,11.52
130414,0,1.08,-51.28,-49.23,1248,1149,12.48,11.49
130463,0,1.09,-51.26,-49.21,1244,1145,12.44,11.45
130519,0,1.08,-51.23,-49.18,1240,1141,12.4,11.41
130569,0,1.08,-51.26,-49.21,1237,1138,12.37,11.38
130621,0,1.08,-51.24,-49.19,1234,1135,12.34,11.35
130672,0,1.09,-51.24,-49.19,1230,1131,12.3,11.31
130724,0,1.08,-51.24,-49.19,1226,1127,12.26,11.27
130774,0,1.08,-51.24,-49.19,1223,1124,12.23,11.24
130827,0,1.08,-51.22,-49.17,1220,1121,12.2,11.21
130880,0,1.08,-51.21,-49.16,1215,1116,12.15,11.16
130933,0,1.07,-51.24,-49.19,1212,1113,12.12,11.13
130983,0,1.09,-51.24,-49.19,1208,1109,12.08,11.09
131039,0,1.07,-51.21,-49.16,1205,1106,12.05,11.06
131089,0,1.07,-51.27,-49.21,1201,1102,12.01,11.02
131146,0,1.09,-51.2,-49.15,1197,1100,11.97,11
131202,0,1.07,-51.21,-49.23,1194,1100,11.94,11
131241,0,1.07,-51.2,-49.15,1190,1100,11.9,11
131293,0,1.09,-51.24,-49.19,1187,1100,11.87,11
131347,0,1.07,-51.21,-49.16,1183,1100,11.83,11
131399,0,1.08,-51.22,-49.17,1180,1100,11.8,11
131450,0,1.07,-51.22,-49.17,1176,1100,11.76,11
131499,0,1.08,-51.24,-49.19,1173,1100,11.73,11
131552,0,1.07,-51.22,-49.18,1169,1100,11.69,11
131609,0,1.07,-51.22,-49.18,1165,1100,11.65,11
131659,0,1.07,-51.21,-49.16,1162,1100,11.62,11
131708,0,1.07,-51.22,-49.17,1158,1100,11.58,11
131770,0,1.07,-51.22,-49.17,1155,1100,11.55,11
131814,0,1.07,-51.2,-49.15,1151,1100,11.51,11
131866,0,1.07,-51.2,-49.15,1148,1100,11.48,11
